rental_id,rental_date,first_name,last_name
76,"2005-05-25 11:30:37",MARY,SMITH
573,"2005-05-28 10:35:23",MARY,SMITH
1185,"2005-06-15 00:54:12",MARY,SMITH
1422,"2005-06-15 18:02:53",MARY,SMITH
1476,"2005-06-15 21:08:46",MARY,SMITH
1725,"2005-06-16 15:18:57",MARY,SMITH
2308,"2005-06-18 08:41:48",MARY,SMITH
2363,"2005-06-18 13:33:59",MARY,SMITH
3284,"2005-06-21 06:24:45",MARY,SMITH
4526,"2005-07-08 03:17:05",MARY,SMITH
4611,"2005-07-08 07:33:56",MARY,SMITH
5244,"2005-07-09 13:24:07",MARY,SMITH
5326,"2005-07-09 16:38:01",MARY,SMITH
6163,"2005-07-11 10:13:46",MARY,SMITH
7273,"2005-07-27 11:31:22",MARY,SMITH
7841,"2005-07-28 09:04:45",MARY,SMITH
8033,"2005-07-28 16:18:23",MARY,SMITH
8074,"2005-07-28 17:33:39",MARY,SMITH
8116,"2005-07-28 19:20:07",MARY,SMITH
8326,"2005-07-29 03:58:49",MARY,SMITH
9571,"2005-07-31 02:42:18",MARY,SMITH
10437,"2005-08-01 08:51:04",MARY,SMITH
11299,"2005-08-02 15:36:52",MARY,SMITH
11367,"2005-08-02 18:01:38",MARY,SMITH
11824,"2005-08-17 12:37:54",MARY,SMITH
12250,"2005-08-18 03:57:29",MARY,SMITH
13068,"2005-08-19 09:55:16",MARY,SMITH
13176,"2005-08-19 13:56:54",MARY,SMITH
14762,"2005-08-21 23:33:57",MARY,SMITH
14825,"2005-08-22 01:27:57",MARY,SMITH
15298,"2005-08-22 19:41:37",MARY,SMITH
15315,"2005-08-22 20:03:46",MARY,SMITH
320,"2005-05-27 00:09:24",PATRICIA,JOHNSON
2128,"2005-06-17 20:54:58",PATRICIA,JOHNSON
5636,"2005-07-10 06:31:24",PATRICIA,JOHNSON
5755,"2005-07-10 12:38:56",PATRICIA,JOHNSON
7346,"2005-07-27 14:30:42",PATRICIA,JOHNSON
7376,"2005-07-27 15:23:02",PATRICIA,JOHNSON
7459,"2005-07-27 18:40:20",PATRICIA,JOHNSON
8230,"2005-07-29 00:12:59",PATRICIA,JOHNSON
8598,"2005-07-29 12:56:59",PATRICIA,JOHNSON
8705,"2005-07-29 17:14:29",PATRICIA,JOHNSON
9031,"2005-07-30 06:06:10",PATRICIA,JOHNSON
9236,"2005-07-30 13:47:43",PATRICIA,JOHNSON
9248,"2005-07-30 14:14:11",PATRICIA,JOHNSON
9296,"2005-07-30 16:21:13",PATRICIA,JOHNSON
9465,"2005-07-30 22:39:53",PATRICIA,JOHNSON
10136,"2005-07-31 21:58:56",PATRICIA,JOHNSON
10466,"2005-08-01 09:45:26",PATRICIA,JOHNSON
10918,"2005-08-02 02:10:56",PATRICIA,JOHNSON
11087,"2005-08-02 07:41:41",PATRICIA,JOHNSON
11177,"2005-08-02 10:43:48",PATRICIA,JOHNSON
11256,"2005-08-02 13:44:53",PATRICIA,JOHNSON
11614,"2005-08-17 03:52:18",PATRICIA,JOHNSON
12963,"2005-08-19 06:26:04",PATRICIA,JOHNSON
14475,"2005-08-21 13:24:32",PATRICIA,JOHNSON
14743,"2005-08-21 22:41:56",PATRICIA,JOHNSON
15145,"2005-08-22 13:53:04",PATRICIA,JOHNSON
15907,"2005-08-23 17:39:35",PATRICIA,JOHNSON
435,"2005-05-27 17:17:09",LINDA,WILLIAMS
830,"2005-05-29 22:43:55",LINDA,WILLIAMS
1546,"2005-06-16 01:34:05",LINDA,WILLIAMS
1726,"2005-06-16 15:19:10",LINDA,WILLIAMS
1911,"2005-06-17 05:15:15",LINDA,WILLIAMS
2628,"2005-06-19 08:34:53",LINDA,WILLIAMS
4180,"2005-07-07 10:23:25",LINDA,WILLIAMS
4725,"2005-07-08 12:47:11",LINDA,WILLIAMS
7096,"2005-07-27 04:54:42",LINDA,WILLIAMS
7503,"2005-07-27 20:23:12",LINDA,WILLIAMS
7703,"2005-07-28 03:59:21",LINDA,WILLIAMS
7724,"2005-07-28 04:46:30",LINDA,WILLIAMS
7911,"2005-07-28 11:46:45",LINDA,WILLIAMS
8086,"2005-07-28 18:17:14",LINDA,WILLIAMS
8545,"2005-07-29 11:07:04",LINDA,WILLIAMS
9226,"2005-07-30 13:31:20",LINDA,WILLIAMS
9443,"2005-07-30 21:45:46",LINDA,WILLIAMS
9595,"2005-07-31 03:27:58",LINDA,WILLIAMS
9816,"2005-07-31 11:32:58",LINDA,WILLIAMS
10597,"2005-08-01 14:19:48",LINDA,WILLIAMS
12556,"2005-08-18 14:49:55",LINDA,WILLIAMS
13403,"2005-08-19 22:18:07",LINDA,WILLIAMS
13610,"2005-08-20 06:14:12",LINDA,WILLIAMS
14699,"2005-08-21 20:50:48",LINDA,WILLIAMS
15038,"2005-08-22 09:37:27",LINDA,WILLIAMS
15619,"2005-08-23 07:10:14",LINDA,WILLIAMS
1297,"2005-06-15 09:31:28",BARBARA,JONES
1633,"2005-06-16 08:08:40",BARBARA,JONES
1707,"2005-06-16 14:01:27",BARBARA,JONES
1735,"2005-06-16 15:51:52",BARBARA,JONES
2043,"2005-06-17 14:31:12",BARBARA,JONES
2642,"2005-06-19 09:39:01",BARBARA,JONES
7660,"2005-07-28 02:10:10",BARBARA,JONES
7718,"2005-07-28 04:37:59",BARBARA,JONES
8741,"2005-07-29 18:44:57",BARBARA,JONES
9100,"2005-07-30 08:46:09",BARBARA,JONES
9371,"2005-07-30 18:58:00",BARBARA,JONES
11069,"2005-08-02 07:09:34",BARBARA,JONES
11110,"2005-08-02 08:20:31",BARBARA,JONES
11529,"2005-08-17 00:28:01",BARBARA,JONES
12151,"2005-08-18 00:14:03",BARBARA,JONES
12294,"2005-08-18 05:14:44",BARBARA,JONES
12856,"2005-08-19 02:19:13",BARBARA,JONES
13704,"2005-08-20 09:32:04",BARBARA,JONES
13807,"2005-08-20 12:55:40",BARBARA,JONES
14225,"2005-08-21 04:53:37",BARBARA,JONES
15147,"2005-08-22 13:58:23",BARBARA,JONES
15635,"2005-08-23 07:43:00",BARBARA,JONES
731,"2005-05-29 07:25:16",ELIZABETH,BROWN
1085,"2005-05-31 11:15:43",ELIZABETH,BROWN
1142,"2005-05-31 19:46:38",ELIZABETH,BROWN
1502,"2005-06-15 22:03:14",ELIZABETH,BROWN
1631,"2005-06-16 08:01:02",ELIZABETH,BROWN
2063,"2005-06-17 15:56:53",ELIZABETH,BROWN
2570,"2005-06-19 04:20:13",ELIZABETH,BROWN
3126,"2005-06-20 18:38:22",ELIZABETH,BROWN
3677,"2005-07-06 09:11:58",ELIZABETH,BROWN
4889,"2005-07-08 20:04:43",ELIZABETH,BROWN
5016,"2005-07-09 01:57:57",ELIZABETH,BROWN
5118,"2005-07-09 07:13:52",ELIZABETH,BROWN
5156,"2005-07-09 08:51:42",ELIZABETH,BROWN
5721,"2005-07-10 11:09:35",ELIZABETH,BROWN
6042,"2005-07-11 03:17:04",ELIZABETH,BROWN
6663,"2005-07-12 11:27:35",ELIZABETH,BROWN
6685,"2005-07-12 12:16:28",ELIZABETH,BROWN
7293,"2005-07-27 12:37:28",ELIZABETH,BROWN
7652,"2005-07-28 01:50:29",ELIZABETH,BROWN
7829,"2005-07-28 08:43:39",ELIZABETH,BROWN
8263,"2005-07-29 01:11:23",ELIZABETH,BROWN
8978,"2005-07-30 04:14:28",ELIZABETH,BROWN
9493,"2005-07-30 23:52:30",ELIZABETH,BROWN
9888,"2005-07-31 14:00:53",ELIZABETH,BROWN
10609,"2005-08-01 14:48:45",ELIZABETH,BROWN
10625,"2005-08-01 15:27:10",ELIZABETH,BROWN
11001,"2005-08-02 04:56:45",ELIZABETH,BROWN
11179,"2005-08-02 10:50:06",ELIZABETH,BROWN
11930,"2005-08-17 16:28:53",ELIZABETH,BROWN
12145,"2005-08-18 00:10:04",ELIZABETH,BROWN
12797,"2005-08-19 00:24:08",ELIZABETH,BROWN
13063,"2005-08-19 09:45:41",ELIZABETH,BROWN
13209,"2006-02-14 15:16:03",ELIZABETH,BROWN
13877,"2005-08-20 15:16:18",ELIZABETH,BROWN
14053,"2005-08-20 22:13:59",ELIZABETH,BROWN
14430,"2005-08-21 11:31:11",ELIZABETH,BROWN
14494,"2005-08-21 14:02:50",ELIZABETH,BROWN
15232,"2005-08-22 17:37:02",ELIZABETH,BROWN
57,"2005-05-25 08:43:32",JENNIFER,DAVIS
577,"2005-05-28 11:09:14",JENNIFER,DAVIS
916,"2005-05-30 11:25:01",JENNIFER,DAVIS
1575,"2005-06-16 03:41:38",JENNIFER,DAVIS
1841,"2005-06-16 23:44:13",JENNIFER,DAVIS
1966,"2005-06-17 09:19:45",JENNIFER,DAVIS
2345,"2005-06-18 12:03:23",JENNIFER,DAVIS
3983,"2005-07-06 23:14:21",JENNIFER,DAVIS
4278,"2005-07-07 14:53:24",JENNIFER,DAVIS
5553,"2005-07-10 03:03:35",JENNIFER,DAVIS
6211,"2005-07-11 12:39:01",JENNIFER,DAVIS
6248,"2005-07-11 15:01:54",JENNIFER,DAVIS
6686,"2005-07-12 12:18:38",JENNIFER,DAVIS
7099,"2005-07-27 05:03:44",JENNIFER,DAVIS
7136,"2005-07-27 06:38:25",JENNIFER,DAVIS
8101,"2005-07-28 18:47:23",JENNIFER,DAVIS
10271,"2005-08-01 03:13:39",JENNIFER,DAVIS
11023,"2005-08-02 05:36:38",JENNIFER,DAVIS
11398,"2005-08-02 18:55:15",JENNIFER,DAVIS
11591,"2005-08-17 02:29:41",JENNIFER,DAVIS
11727,"2005-08-17 08:12:20",JENNIFER,DAVIS
11853,"2005-08-17 13:39:32",JENNIFER,DAVIS
12254,"2005-08-18 04:05:29",JENNIFER,DAVIS
13451,"2005-08-20 00:18:25",JENNIFER,DAVIS
14329,"2005-08-21 08:22:56",JENNIFER,DAVIS
14377,"2005-08-21 09:49:28",JENNIFER,DAVIS
15509,"2005-08-23 02:51:24",JENNIFER,DAVIS
15603,"2005-08-23 06:41:32",JENNIFER,DAVIS
46,"2005-05-25 06:04:08",MARIA,MILLER
117,"2005-05-25 19:30:46",MARIA,MILLER
748,"2005-05-29 09:27:00",MARIA,MILLER
975,"2005-05-30 21:07:15",MARIA,MILLER
1063,"2005-05-31 08:44:29",MARIA,MILLER
1810,"2005-06-16 21:06:00",MARIA,MILLER
2250,"2005-06-18 05:03:36",MARIA,MILLER
2709,"2005-06-19 14:00:26",MARIA,MILLER
2888,"2005-06-20 01:50:56",MARIA,MILLER
3007,"2005-06-20 10:11:53",MARIA,MILLER
3639,"2005-07-06 07:09:17",MARIA,MILLER
4238,"2005-07-07 13:22:20",MARIA,MILLER
4787,"2005-07-08 16:16:04",MARIA,MILLER
4856,"2005-07-08 18:47:38",MARIA,MILLER
5441,"2005-07-09 21:52:05",MARIA,MILLER
5921,"2005-07-10 21:35:12",MARIA,MILLER
6174,"2005-07-11 10:36:28",MARIA,MILLER
6295,"2005-07-11 17:30:58",MARIA,MILLER
6761,"2005-07-12 15:17:42",MARIA,MILLER
8422,"2005-07-29 07:02:55",MARIA,MILLER
9624,"2005-07-31 04:30:03",MARIA,MILLER
10330,"2005-08-01 04:57:04",MARIA,MILLER
10423,"2005-08-01 08:19:53",MARIA,MILLER
10514,"2005-08-01 11:39:26",MARIA,MILLER
10644,"2005-08-01 15:52:00",MARIA,MILLER
10989,"2005-08-02 04:40:54",MARIA,MILLER
11542,"2005-08-17 00:51:32",MARIA,MILLER
12367,"2005-08-18 07:57:14",MARIA,MILLER
12730,"2005-08-18 21:55:01",MARIA,MILLER
13373,"2005-08-19 21:23:31",MARIA,MILLER
13476,"2005-08-20 01:06:04",MARIA,MILLER
13594,"2005-08-20 05:53:31",MARIA,MILLER
14222,"2005-08-21 04:49:48",MARIA,MILLER
866,"2005-05-30 03:43:54",SUSAN,WILSON
1305,"2005-06-15 09:59:16",SUSAN,WILSON
2095,"2005-06-17 18:21:35",SUSAN,WILSON
3114,"2005-06-20 17:57:47",SUSAN,WILSON
3475,"2005-07-05 23:01:21",SUSAN,WILSON
4003,"2005-07-07 00:09:02",SUSAN,WILSON
4175,"2005-07-07 10:02:03",SUSAN,WILSON
4409,"2005-07-07 21:47:29",SUSAN,WILSON
4503,"2005-07-08 02:17:12",SUSAN,WILSON
5300,"2005-07-09 15:40:46",SUSAN,WILSON
5341,"2005-07-09 17:13:23",SUSAN,WILSON
6375,"2005-07-11 21:39:46",SUSAN,WILSON
6647,"2005-07-12 10:43:53",SUSAN,WILSON
8809,"2005-07-29 21:42:49",SUSAN,WILSON
9629,"2005-07-31 04:54:43",SUSAN,WILSON
10141,"2005-07-31 22:08:29",SUSAN,WILSON
10561,"2005-08-01 13:05:35",SUSAN,WILSON
11232,"2005-08-02 13:04:12",SUSAN,WILSON
11284,"2005-08-02 14:42:45",SUSAN,WILSON
12613,"2005-08-18 17:16:01",SUSAN,WILSON
14114,"2005-08-21 01:07:11",SUSAN,WILSON
15374,"2005-08-22 22:09:09",SUSAN,WILSON
15764,"2005-08-23 13:05:10",SUSAN,WILSON
15805,"2005-08-23 14:31:19",SUSAN,WILSON
350,"2005-05-27 05:01:28",MARGARET,MOORE
877,"2005-05-30 05:48:59",MARGARET,MOORE
1075,"2005-05-31 10:13:34",MARGARET,MOORE
3142,"2005-06-20 19:59:28",MARGARET,MOORE
3262,"2005-06-21 04:08:43",MARGARET,MOORE
4454,"2005-07-07 23:37:00",MARGARET,MOORE
4748,"2005-07-08 13:59:38",MARGARET,MOORE
4796,"2005-07-08 16:35:44",MARGARET,MOORE
5659,"2005-07-10 07:45:40",MARGARET,MOORE
6019,"2005-07-11 02:08:29",MARGARET,MOORE
6165,"2005-07-11 10:17:29",MARGARET,MOORE
7616,"2005-07-28 00:15:26",MARGARET,MOORE
7801,"2005-07-28 07:51:56",MARGARET,MOORE
9043,"2005-07-30 06:34:07",MARGARET,MOORE
10451,"2005-08-01 09:11:25",MARGARET,MOORE
10454,"2005-08-01 09:14:00",MARGARET,MOORE
11400,"2005-08-02 19:00:52",MARGARET,MOORE
11556,"2005-08-17 01:11:53",MARGARET,MOORE
12228,"2005-08-18 03:08:10",MARGARET,MOORE
12309,"2005-08-18 05:58:40",MARGARET,MOORE
12652,"2005-08-18 18:48:58",MARGARET,MOORE
14489,"2005-08-21 13:53:59",MARGARET,MOORE
15813,"2006-02-14 15:16:03",MARGARET,MOORE
1140,"2005-05-31 19:36:30",DOROTHY,TAYLOR
1801,"2005-06-16 20:21:53",DOROTHY,TAYLOR
1995,"2005-06-17 11:11:14",DOROTHY,TAYLOR
2222,"2005-06-18 03:26:23",DOROTHY,TAYLOR
2814,"2005-06-19 20:01:59",DOROTHY,TAYLOR
2865,"2005-06-20 00:00:55",DOROTHY,TAYLOR
3790,"2005-07-06 14:13:45",DOROTHY,TAYLOR
4042,"2005-07-07 03:06:40",DOROTHY,TAYLOR
4255,"2005-07-07 14:14:13",DOROTHY,TAYLOR
5038,"2005-07-09 03:12:52",DOROTHY,TAYLOR
5068,"2005-07-09 04:53:18",DOROTHY,TAYLOR
5444,"2005-07-09 21:58:57",DOROTHY,TAYLOR
5905,"2005-07-10 20:41:09",DOROTHY,TAYLOR
7738,"2005-07-28 05:21:42",DOROTHY,TAYLOR
8001,"2005-07-28 15:10:55",DOROTHY,TAYLOR
8188,"2005-07-28 22:34:12",DOROTHY,TAYLOR
9935,"2005-07-31 15:27:07",DOROTHY,TAYLOR
10671,"2005-08-01 17:09:59",DOROTHY,TAYLOR
11289,"2005-08-02 14:55:00",DOROTHY,TAYLOR
11405,"2005-08-02 19:13:39",DOROTHY,TAYLOR
12031,"2005-08-17 20:11:35",DOROTHY,TAYLOR
12400,"2005-08-18 09:19:12",DOROTHY,TAYLOR
13316,"2005-08-19 19:23:30",DOROTHY,TAYLOR
13917,"2005-08-20 16:43:28",DOROTHY,TAYLOR
15370,"2005-08-22 21:59:29",DOROTHY,TAYLOR
987,"2005-05-30 22:59:12",LISA,ANDERSON
1470,"2005-06-15 20:53:07",LISA,ANDERSON
1939,"2005-06-17 07:26:45",LISA,ANDERSON
3192,"2005-06-20 23:49:12",LISA,ANDERSON
4608,"2005-07-08 07:19:11",LISA,ANDERSON
4943,"2005-07-08 22:43:05",LISA,ANDERSON
5835,"2005-07-10 16:44:58",LISA,ANDERSON
6146,"2005-07-11 09:09:59",LISA,ANDERSON
7314,"2005-07-27 13:13:32",LISA,ANDERSON
8014,"2005-07-28 15:32:07",LISA,ANDERSON
8100,"2005-07-28 18:43:11",LISA,ANDERSON
8447,"2005-07-29 07:38:14",LISA,ANDERSON
8715,"2005-07-29 17:33:45",LISA,ANDERSON
8950,"2005-07-30 03:17:13",LISA,ANDERSON
9292,"2005-07-30 16:08:21",LISA,ANDERSON
10812,"2005-08-01 22:41:16",LISA,ANDERSON
11166,"2005-08-02 10:14:58",LISA,ANDERSON
11502,"2005-08-16 23:06:30",LISA,ANDERSON
11646,"2006-02-14 15:16:03",LISA,ANDERSON
12015,"2005-08-17 19:32:44",LISA,ANDERSON
13572,"2005-08-20 05:07:27",LISA,ANDERSON
13790,"2005-08-20 12:17:27",LISA,ANDERSON
15120,"2005-08-22 12:42:47",LISA,ANDERSON
15240,"2005-08-22 17:46:41",LISA,ANDERSON
988,"2005-05-30 23:08:03",NANCY,THOMAS
1084,"2005-05-31 11:10:17",NANCY,THOMAS
1752,"2005-06-16 17:02:55",NANCY,THOMAS
2434,"2005-06-18 18:11:51",NANCY,THOMAS
2500,"2005-06-18 23:07:12",NANCY,THOMAS
2623,"2005-06-19 08:11:51",NANCY,THOMAS
3135,"2005-06-20 19:33:52",NANCY,THOMAS
3411,"2005-06-21 16:31:27",NANCY,THOMAS
3870,"2005-07-06 17:57:54",NANCY,THOMAS
5071,"2005-07-09 05:00:39",NANCY,THOMAS
5074,"2005-07-09 05:06:24",NANCY,THOMAS
5111,"2005-07-09 07:02:19",NANCY,THOMAS
5242,"2005-07-09 13:20:25",NANCY,THOMAS
6773,"2005-07-12 15:55:39",NANCY,THOMAS
7008,"2005-07-27 01:44:03",NANCY,THOMAS
7279,"2005-07-27 11:50:47",NANCY,THOMAS
8985,"2005-07-30 04:34:51",NANCY,THOMAS
9166,"2005-07-30 11:26:28",NANCY,THOMAS
9238,"2005-07-30 13:49:43",NANCY,THOMAS
9627,"2005-07-31 04:42:46",NANCY,THOMAS
9708,"2005-07-31 07:45:33",NANCY,THOMAS
10392,"2005-08-01 06:50:26",NANCY,THOMAS
11497,"2005-08-16 22:52:30",NANCY,THOMAS
12604,"2005-08-18 16:58:48",NANCY,THOMAS
13519,"2005-08-20 02:37:07",NANCY,THOMAS
13895,"2005-08-20 15:58:28",NANCY,THOMAS
14240,"2005-08-21 05:19:39",NANCY,THOMAS
15993,"2005-08-23 20:28:44",NANCY,THOMAS
1933,"2005-06-17 06:54:42",KAREN,JACKSON
2209,"2005-06-18 02:24:01",KAREN,JACKSON
2952,"2005-06-20 06:26:57",KAREN,JACKSON
3047,"2005-06-20 12:45:33",KAREN,JACKSON
3946,"2005-07-06 21:39:24",KAREN,JACKSON
6118,"2005-07-11 07:43:08",KAREN,JACKSON
6568,"2005-07-12 05:45:47",KAREN,JACKSON
6870,"2005-07-12 20:13:45",KAREN,JACKSON
6897,"2005-07-12 21:30:41",KAREN,JACKSON
7916,"2005-07-28 11:49:53",KAREN,JACKSON
8277,"2005-07-29 01:38:53",KAREN,JACKSON
8831,"2005-07-29 22:37:41",KAREN,JACKSON
9260,"2005-07-30 14:38:22",KAREN,JACKSON
9434,"2005-07-30 21:29:41",KAREN,JACKSON
9664,"2005-07-31 06:12:08",KAREN,JACKSON
9736,"2005-07-31 08:58:40",KAREN,JACKSON
10003,"2005-07-31 17:48:51",KAREN,JACKSON
11292,"2005-08-02 14:58:41",KAREN,JACKSON
11315,"2005-08-02 16:05:17",KAREN,JACKSON
11761,"2005-08-17 09:44:59",KAREN,JACKSON
12918,"2005-08-19 04:31:36",KAREN,JACKSON
13096,"2005-08-19 10:49:03",KAREN,JACKSON
13213,"2005-08-19 15:25:48",KAREN,JACKSON
13456,"2005-08-20 00:33:19",KAREN,JACKSON
14252,"2005-08-21 05:44:07",KAREN,JACKSON
14545,"2005-08-21 15:44:23",KAREN,JACKSON
15338,"2005-08-22 20:51:24",KAREN,JACKSON
151,"2005-05-26 00:37:28",BETTY,WHITE
346,"2005-05-27 04:34:41",BETTY,WHITE
525,"2005-05-28 04:25:33",BETTY,WHITE
671,"2005-05-28 22:04:30",BETTY,WHITE
815,"2005-05-29 20:24:28",BETTY,WHITE
1360,"2005-06-15 13:32:15",BETTY,WHITE
3707,"2005-07-06 10:21:49",BETTY,WHITE
4952,"2005-07-08 23:00:07",BETTY,WHITE
5104,"2005-07-09 06:37:07",BETTY,WHITE
5317,"2005-07-09 16:10:25",BETTY,WHITE
5383,"2005-07-09 19:14:32",BETTY,WHITE
5565,"2005-07-10 03:29:48",BETTY,WHITE
8035,"2005-07-28 16:23:01",BETTY,WHITE
8042,"2005-07-28 16:45:11",BETTY,WHITE
8548,"2005-07-29 11:11:33",BETTY,WHITE
8836,"2005-07-29 22:46:08",BETTY,WHITE
9438,"2005-07-30 21:36:15",BETTY,WHITE
9592,"2005-07-31 03:21:16",BETTY,WHITE
10348,"2005-08-01 05:23:00",BETTY,WHITE
10526,"2005-08-01 11:55:33",BETTY,WHITE
11480,"2005-08-02 22:18:24",BETTY,WHITE
11528,"2005-08-17 00:27:23",BETTY,WHITE
12668,"2005-08-18 19:16:47",BETTY,WHITE
13757,"2005-08-20 11:20:12",BETTY,WHITE
13780,"2006-02-14 15:16:03",BETTY,WHITE
15015,"2005-08-22 08:43:50",BETTY,WHITE
15373,"2005-08-22 22:08:11",BETTY,WHITE
16045,"2005-08-23 22:25:26",BETTY,WHITE
2486,"2005-06-18 21:26:56",HELEN,HARRIS
2937,"2005-06-20 05:15:37",HELEN,HARRIS
3182,"2005-06-20 22:52:18",HELEN,HARRIS
3550,"2005-07-06 02:29:21",HELEN,HARRIS
4127,"2005-07-07 07:26:19",HELEN,HARRIS
5717,"2005-07-10 11:02:03",HELEN,HARRIS
5975,"2005-07-11 00:14:19",HELEN,HARRIS
7105,"2005-07-27 05:15:37",HELEN,HARRIS
8193,"2005-07-28 22:50:50",HELEN,HARRIS
8615,"2005-07-29 13:36:01",HELEN,HARRIS
8927,"2005-07-30 02:13:31",HELEN,HARRIS
9987,"2005-07-31 17:22:35",HELEN,HARRIS
11118,"2005-08-02 08:44:18",HELEN,HARRIS
11141,"2005-08-02 09:29:11",HELEN,HARRIS
11307,"2005-08-02 15:48:08",HELEN,HARRIS
11341,"2005-08-02 17:09:24",HELEN,HARRIS
11922,"2005-08-17 16:20:37",HELEN,HARRIS
12272,"2005-08-18 04:39:10",HELEN,HARRIS
12551,"2005-08-18 14:46:26",HELEN,HARRIS
12635,"2005-08-18 18:00:23",HELEN,HARRIS
13339,"2005-08-19 20:18:36",HELEN,HARRIS
13393,"2005-08-19 22:03:46",HELEN,HARRIS
13503,"2005-08-20 02:00:33",HELEN,HARRIS
13541,"2005-08-20 03:41:41",HELEN,HARRIS
13677,"2005-08-20 08:34:41",HELEN,HARRIS
13798,"2006-02-14 15:16:03",HELEN,HARRIS
13968,"2006-02-14 15:16:03",HELEN,HARRIS
14569,"2005-08-21 16:31:22",HELEN,HARRIS
14776,"2005-08-21 23:53:35",HELEN,HARRIS
14872,"2005-08-22 03:23:41",HELEN,HARRIS
15178,"2005-08-22 15:36:04",HELEN,HARRIS
15897,"2005-08-23 17:12:31",HELEN,HARRIS
335,"2005-05-27 03:07:10",SANDRA,MARTIN
593,"2005-05-28 13:33:23",SANDRA,MARTIN
887,"2005-05-30 07:10:00",SANDRA,MARTIN
1017,"2005-05-31 02:53:36",SANDRA,MARTIN
1934,"2005-06-17 07:04:57",SANDRA,MARTIN
1944,"2005-06-17 07:50:53",SANDRA,MARTIN
2960,"2005-06-20 07:10:09",SANDRA,MARTIN
3348,"2005-06-21 11:16:42",SANDRA,MARTIN
3548,"2005-07-06 02:23:39",SANDRA,MARTIN
4219,"2005-07-07 12:11:22",SANDRA,MARTIN
4263,"2005-07-07 14:24:44",SANDRA,MARTIN
4517,"2005-07-08 02:45:19",SANDRA,MARTIN
6100,"2005-07-11 06:40:31",SANDRA,MARTIN
7489,"2005-07-27 19:39:38",SANDRA,MARTIN
7552,"2005-07-27 22:03:41",SANDRA,MARTIN
8452,"2005-07-29 07:45:00",SANDRA,MARTIN
9158,"2005-07-30 11:12:03",SANDRA,MARTIN
9610,"2005-07-31 03:54:05",SANDRA,MARTIN
10687,"2005-08-01 17:53:02",SANDRA,MARTIN
10727,"2005-08-01 19:15:08",SANDRA,MARTIN
11308,"2005-08-02 15:50:44",SANDRA,MARTIN
12104,"2005-08-17 22:53:00",SANDRA,MARTIN
12358,"2005-08-18 07:41:43",SANDRA,MARTIN
12577,"2005-08-18 15:39:46",SANDRA,MARTIN
13151,"2005-08-19 13:08:23",SANDRA,MARTIN
13391,"2005-08-19 22:01:42",SANDRA,MARTIN
13480,"2005-08-20 01:10:27",SANDRA,MARTIN
14511,"2005-08-21 14:45:34",SANDRA,MARTIN
287,"2005-05-26 19:44:54",DONNA,THOMPSON
580,"2005-05-28 11:19:53",DONNA,THOMPSON
884,"2005-05-30 06:41:32",DONNA,THOMPSON
2175,"2005-06-18 00:17:58",DONNA,THOMPSON
2684,"2005-06-19 12:29:08",DONNA,THOMPSON
3269,"2005-06-21 05:06:30",DONNA,THOMPSON
5714,"2005-07-10 10:46:57",DONNA,THOMPSON
5883,"2005-07-10 19:25:21",DONNA,THOMPSON
6884,"2005-07-12 20:52:41",DONNA,THOMPSON
8076,"2005-07-28 17:45:58",DONNA,THOMPSON
8213,"2005-07-28 23:37:33",DONNA,THOMPSON
9092,"2005-07-30 08:30:56",DONNA,THOMPSON
9138,"2005-07-30 10:11:52",DONNA,THOMPSON
9382,"2005-07-30 19:23:44",DONNA,THOMPSON
9489,"2005-07-30 23:43:32",DONNA,THOMPSON
11990,"2005-08-17 18:26:22",DONNA,THOMPSON
13732,"2005-08-20 10:24:41",DONNA,THOMPSON
14040,"2005-08-20 21:43:44",DONNA,THOMPSON
14326,"2005-08-21 08:15:41",DONNA,THOMPSON
14346,"2005-08-21 08:42:26",DONNA,THOMPSON
15752,"2005-08-23 12:41:38",DONNA,THOMPSON
50,"2005-05-25 06:44:53",CAROL,GARCIA
116,"2005-05-25 19:27:51",CAROL,GARCIA
692,"2005-05-29 01:32:10",CAROL,GARCIA
1451,"2005-06-15 19:30:18",CAROL,GARCIA
1783,"2005-06-16 19:23:23",CAROL,GARCIA
2112,"2005-06-17 19:52:42",CAROL,GARCIA
2990,"2005-06-20 09:02:51",CAROL,GARCIA
4672,"2005-07-08 10:15:38",CAROL,GARCIA
4724,"2005-07-08 12:46:30",CAROL,GARCIA
4923,"2005-07-08 21:44:39",CAROL,GARCIA
6128,"2005-07-11 08:15:08",CAROL,GARCIA
6846,"2005-07-12 19:20:45",CAROL,GARCIA
8122,"2005-07-28 19:27:37",CAROL,GARCIA
8555,"2005-07-29 11:18:01",CAROL,GARCIA
9036,"2005-07-30 06:18:38",CAROL,GARCIA
9114,"2005-07-30 09:13:21",CAROL,GARCIA
10682,"2005-08-01 17:32:53",CAROL,GARCIA
10721,"2005-08-01 19:05:18",CAROL,GARCIA
11094,"2005-08-02 08:03:02",CAROL,GARCIA
11439,"2005-08-02 20:22:45",CAROL,GARCIA
12333,"2005-08-18 06:51:39",CAROL,GARCIA
13490,"2005-08-20 01:29:29",CAROL,GARCIA
18,"2005-05-25 01:10:47",RUTH,MARTINEZ
110,"2005-05-25 18:43:49",RUTH,MARTINEZ
179,"2005-05-26 04:26:06",RUTH,MARTINEZ
337,"2005-05-27 03:22:30",RUTH,MARTINEZ
591,"2005-05-28 13:11:04",RUTH,MARTINEZ
696,"2005-05-29 01:59:10",RUTH,MARTINEZ
2657,"2005-06-19 10:42:59",RUTH,MARTINEZ
2848,"2005-06-19 22:55:37",RUTH,MARTINEZ
3423,"2005-06-21 17:38:02",RUTH,MARTINEZ
3549,"2005-07-06 02:24:55",RUTH,MARTINEZ
6495,"2005-07-12 02:57:02",RUTH,MARTINEZ
9157,"2005-07-30 11:06:23",RUTH,MARTINEZ
9256,"2005-07-30 14:29:29",RUTH,MARTINEZ
10077,"2005-07-31 20:01:06",RUTH,MARTINEZ
10176,"2005-07-31 23:40:35",RUTH,MARTINEZ
11508,"2005-08-16 23:27:36",RUTH,MARTINEZ
11869,"2005-08-17 14:10:22",RUTH,MARTINEZ
12211,"2005-08-18 02:31:18",RUTH,MARTINEZ
12357,"2005-08-18 07:40:52",RUTH,MARTINEZ
13718,"2005-08-20 09:53:44",RUTH,MARTINEZ
13804,"2005-08-20 12:46:32",RUTH,MARTINEZ
14101,"2005-08-21 00:33:03",RUTH,MARTINEZ
15047,"2005-08-22 09:57:16",RUTH,MARTINEZ
15529,"2005-08-23 03:46:47",RUTH,MARTINEZ
202,"2005-05-26 07:27:36",SHARON,ROBINSON
497,"2005-05-28 00:54:39",SHARON,ROBINSON
546,"2005-05-28 07:16:25",SHARON,ROBINSON
1558,"2005-06-16 02:33:53",SHARON,ROBINSON
2136,"2005-06-17 21:16:41",SHARON,ROBINSON
2343,"2005-06-18 11:46:26",SHARON,ROBINSON
3350,"2005-06-21 11:21:38",SHARON,ROBINSON
4011,"2005-07-07 00:48:25",SHARON,ROBINSON
4407,"2005-07-07 21:39:45",SHARON,ROBINSON
5718,"2005-07-10 11:03:20",SHARON,ROBINSON
6254,"2005-07-11 15:10:18",SHARON,ROBINSON
6267,"2005-07-11 15:53:00",SHARON,ROBINSON
7217,"2005-07-27 09:31:44",SHARON,ROBINSON
7864,"2005-07-28 10:06:10",SHARON,ROBINSON
8127,"2005-07-28 19:45:19",SHARON,ROBINSON
9075,"2005-07-30 07:55:14",SHARON,ROBINSON
9468,"2005-07-30 22:53:52",SHARON,ROBINSON
10284,"2005-08-01 03:33:19",SHARON,ROBINSON
10616,"2005-08-01 14:59:50",SHARON,ROBINSON
10954,"2005-08-02 03:30:24",SHARON,ROBINSON
11821,"2005-08-17 12:27:55",SHARON,ROBINSON
12180,"2005-08-18 01:28:15",SHARON,ROBINSON
13036,"2005-08-19 08:48:37",SHARON,ROBINSON
13137,"2005-08-19 12:26:32",SHARON,ROBINSON
13317,"2005-08-19 19:25:42",SHARON,ROBINSON
14613,"2005-08-21 18:03:20",SHARON,ROBINSON
15057,"2005-08-22 10:19:58",SHARON,ROBINSON
15161,"2005-08-22 14:37:22",SHARON,ROBINSON
15248,"2005-08-22 17:53:06",SHARON,ROBINSON
15460,"2005-08-23 01:10:42",SHARON,ROBINSON
260,"2005-05-26 15:42:20",MICHELLE,CLARK
463,"2005-05-27 20:11:47",MICHELLE,CLARK
570,"2005-05-28 10:15:04",MICHELLE,CLARK
2235,"2005-06-18 04:08:50",MICHELLE,CLARK
2268,"2005-06-18 06:13:41",MICHELLE,CLARK
2393,"2005-06-18 15:37:55",MICHELLE,CLARK
2830,"2005-06-19 21:14:33",MICHELLE,CLARK
3212,"2005-06-21 01:04:35",MICHELLE,CLARK
5107,"2005-07-09 06:42:32",MICHELLE,CLARK
5772,"2005-07-10 13:27:40",MICHELLE,CLARK
5961,"2005-07-10 23:43:23",MICHELLE,CLARK
6943,"2005-07-26 23:28:13",MICHELLE,CLARK
7994,"2005-07-28 14:56:54",MICHELLE,CLARK
8196,"2005-07-28 22:56:11",MICHELLE,CLARK
8862,"2005-07-29 23:49:23",MICHELLE,CLARK
9149,"2005-07-30 10:45:12",MICHELLE,CLARK
9699,"2005-07-31 07:29:25",MICHELLE,CLARK
10570,"2005-08-01 13:23:06",MICHELLE,CLARK
10734,"2005-08-01 19:28:47",MICHELLE,CLARK
11072,"2005-08-02 07:10:57",MICHELLE,CLARK
11970,"2005-08-17 17:53:09",MICHELLE,CLARK
12131,"2005-08-17 23:34:16",MICHELLE,CLARK
12660,"2005-08-18 19:07:23",MICHELLE,CLARK
12774,"2005-08-18 23:34:22",MICHELLE,CLARK
13381,"2005-08-19 21:37:57",MICHELLE,CLARK
13399,"2005-08-19 22:09:28",MICHELLE,CLARK
13411,"2005-08-19 22:43:38",MICHELLE,CLARK
13463,"2005-08-20 00:50:54",MICHELLE,CLARK
13699,"2005-08-20 09:26:14",MICHELLE,CLARK
13740,"2005-08-20 10:48:43",MICHELLE,CLARK
14077,"2005-08-20 23:24:07",MICHELLE,CLARK
14161,"2005-08-21 02:51:59",MICHELLE,CLARK
14446,"2005-08-21 12:10:41",MICHELLE,CLARK
14869,"2005-08-22 03:20:26",MICHELLE,CLARK
14933,"2006-02-14 15:16:03",MICHELLE,CLARK
370,"2005-05-27 07:49:43",LAURA,RODRIGUEZ
556,"2005-05-28 08:31:36",LAURA,RODRIGUEZ
820,"2005-05-29 21:07:22",LAURA,RODRIGUEZ
3419,"2005-06-21 17:18:01",LAURA,RODRIGUEZ
4215,"2005-07-07 12:00:52",LAURA,RODRIGUEZ
5294,"2005-07-09 15:23:42",LAURA,RODRIGUEZ
5815,"2005-07-10 15:48:19",LAURA,RODRIGUEZ
7087,"2005-07-27 04:42:08",LAURA,RODRIGUEZ
7705,"2005-07-28 04:02:58",LAURA,RODRIGUEZ
9410,"2005-07-30 20:38:05",LAURA,RODRIGUEZ
9580,"2005-07-31 03:01:11",LAURA,RODRIGUEZ
12023,"2005-08-17 19:54:54",LAURA,RODRIGUEZ
12124,"2005-08-17 23:22:46",LAURA,RODRIGUEZ
12222,"2006-02-14 15:16:03",LAURA,RODRIGUEZ
12809,"2005-08-19 00:42:24",LAURA,RODRIGUEZ
13060,"2005-08-19 09:43:25",LAURA,RODRIGUEZ
14056,"2005-08-20 22:18:53",LAURA,RODRIGUEZ
14564,"2005-08-21 16:24:43",LAURA,RODRIGUEZ
15134,"2005-08-22 13:18:25",LAURA,RODRIGUEZ
15589,"2005-08-23 06:03:31",LAURA,RODRIGUEZ
15658,"2005-08-23 08:48:43",LAURA,RODRIGUEZ
15793,"2005-08-23 14:06:19",LAURA,RODRIGUEZ
129,"2005-05-25 21:20:03",SARAH,LEWIS
654,"2005-05-28 20:15:30",SARAH,LEWIS
1090,"2005-05-31 12:03:44",SARAH,LEWIS
2753,"2005-06-19 16:44:35",SARAH,LEWIS
2827,"2005-06-19 20:50:01",SARAH,LEWIS
3015,"2005-06-20 10:48:56",SARAH,LEWIS
3055,"2005-06-20 13:19:58",SARAH,LEWIS
3461,"2005-06-21 21:49:18",SARAH,LEWIS
3736,"2005-07-06 11:43:44",SARAH,LEWIS
3781,"2005-07-06 13:53:41",SARAH,LEWIS
4853,"2005-07-08 18:43:18",SARAH,LEWIS
6213,"2005-07-11 12:43:07",SARAH,LEWIS
6238,"2005-07-11 14:20:18",SARAH,LEWIS
6917,"2005-07-12 22:30:15",SARAH,LEWIS
7155,"2005-07-27 07:18:46",SARAH,LEWIS
8015,"2005-07-28 15:33:03",SARAH,LEWIS
8718,"2005-07-29 17:41:14",SARAH,LEWIS
9209,"2005-07-30 12:55:36",SARAH,LEWIS
9255,"2005-07-30 14:26:46",SARAH,LEWIS
9718,"2005-07-31 08:25:03",SARAH,LEWIS
10132,"2005-07-31 21:50:24",SARAH,LEWIS
10898,"2005-08-02 01:29:57",SARAH,LEWIS
11501,"2005-08-16 23:04:53",SARAH,LEWIS
13290,"2005-08-19 18:31:50",SARAH,LEWIS
13331,"2005-08-19 20:00:25",SARAH,LEWIS
13429,"2005-08-19 23:25:37",SARAH,LEWIS
13511,"2005-08-20 02:21:40",SARAH,LEWIS
13557,"2005-08-20 04:12:41",SARAH,LEWIS
14482,"2005-08-21 13:42:45",SARAH,LEWIS
15532,"2006-02-14 15:16:03",SARAH,LEWIS
1007,"2005-05-31 01:02:28",KIMBERLY,LEE
1077,"2005-05-31 10:22:54",KIMBERLY,LEE
1716,"2005-06-16 14:39:31",KIMBERLY,LEE
2070,"2005-06-17 16:27:51",KIMBERLY,LEE
2116,"2005-06-17 20:16:12",KIMBERLY,LEE
2451,"2005-06-18 19:28:02",KIMBERLY,LEE
2963,"2005-06-20 07:33:09",KIMBERLY,LEE
3649,"2005-07-06 07:32:42",KIMBERLY,LEE
4378,"2005-07-07 20:29:08",KIMBERLY,LEE
5310,"2005-07-09 16:00:34",KIMBERLY,LEE
5648,"2005-07-10 07:09:21",KIMBERLY,LEE
6855,"2005-07-12 19:46:29",KIMBERLY,LEE
7266,"2005-07-27 11:22:17",KIMBERLY,LEE
8947,"2005-07-30 03:15:37",KIMBERLY,LEE
9723,"2005-07-31 08:31:18",KIMBERLY,LEE
9925,"2005-07-31 15:08:47",KIMBERLY,LEE
10491,"2005-08-01 10:38:27",KIMBERLY,LEE
11209,"2005-08-02 12:09:45",KIMBERLY,LEE
11546,"2005-08-17 00:57:36",KIMBERLY,LEE
12165,"2005-08-18 00:53:37",KIMBERLY,LEE
12745,"2005-08-18 22:22:45",KIMBERLY,LEE
12999,"2005-08-19 07:34:53",KIMBERLY,LEE
13058,"2005-08-19 09:40:53",KIMBERLY,LEE
13247,"2005-08-19 16:45:59",KIMBERLY,LEE
15357,"2005-08-22 21:28:59",KIMBERLY,LEE
90,"2005-05-25 14:31:25",DEBORAH,WALKER
1033,"2005-05-31 04:50:07",DEBORAH,WALKER
1338,"2005-06-15 12:17:34",DEBORAH,WALKER
1365,"2005-06-15 14:09:55",DEBORAH,WALKER
1754,"2005-06-16 17:13:23",DEBORAH,WALKER
2625,"2005-06-19 08:23:11",DEBORAH,WALKER
2901,"2005-06-20 02:41:28",DEBORAH,WALKER
3447,"2005-06-21 20:53:31",DEBORAH,WALKER
4282,"2005-07-07 15:26:31",DEBORAH,WALKER
4319,"2005-07-07 17:50:27",DEBORAH,WALKER
4404,"2005-07-07 21:31:53",DEBORAH,WALKER
5881,"2005-07-10 19:19:43",DEBORAH,WALKER
6653,"2005-07-12 11:06:17",DEBORAH,WALKER
6905,"2005-07-12 22:02:18",DEBORAH,WALKER
8667,"2005-07-29 15:40:57",DEBORAH,WALKER
8878,"2005-07-30 00:15:57",DEBORAH,WALKER
9140,"2005-07-30 10:12:01",DEBORAH,WALKER
9334,"2005-07-30 17:56:38",DEBORAH,WALKER
9922,"2005-07-31 14:59:37",DEBORAH,WALKER
10103,"2005-07-31 20:49:13",DEBORAH,WALKER
10324,"2005-08-01 04:49:06",DEBORAH,WALKER
10860,"2005-08-02 00:12:32",DEBORAH,WALKER
10916,"2005-08-02 02:05:59",DEBORAH,WALKER
11642,"2005-08-17 04:48:05",DEBORAH,WALKER
12922,"2005-08-19 04:48:48",DEBORAH,WALKER
14193,"2005-08-21 03:38:27",DEBORAH,WALKER
14236,"2005-08-21 05:13:16",DEBORAH,WALKER
15512,"2005-08-23 02:57:30",DEBORAH,WALKER
15972,"2005-08-23 20:00:30",DEBORAH,WALKER
796,"2005-05-29 16:59:44",JESSICA,HALL
1105,"2005-05-31 14:33:56",JESSICA,HALL
1440,"2005-06-15 18:53:14",JESSICA,HALL
1706,"2005-06-16 14:01:02",JESSICA,HALL
2093,"2005-06-17 18:14:08",JESSICA,HALL
2416,"2005-06-18 17:07:34",JESSICA,HALL
2421,"2005-06-18 17:25:05",JESSICA,HALL
2532,"2005-06-19 01:27:46",JESSICA,HALL
2745,"2005-06-19 16:21:19",JESSICA,HALL
4065,"2005-07-07 04:32:28",JESSICA,HALL
4274,"2005-07-07 14:42:04",JESSICA,HALL
4382,"2005-07-07 20:41:03",JESSICA,HALL
4402,"2005-07-07 21:28:46",JESSICA,HALL
4431,"2005-07-07 22:39:02",JESSICA,HALL
4536,"2005-07-08 03:43:22",JESSICA,HALL
4641,"2005-07-08 09:09:46",JESSICA,HALL
5437,"2005-07-09 21:32:29",JESSICA,HALL
6149,"2005-07-11 09:19:31",JESSICA,HALL
6243,"2005-07-11 14:53:25",JESSICA,HALL
7328,"2005-07-27 13:55:18",JESSICA,HALL
8241,"2005-07-29 00:33:36",JESSICA,HALL
9484,"2005-07-30 23:31:40",JESSICA,HALL
10386,"2005-08-01 06:42:20",JESSICA,HALL
10996,"2005-08-02 04:48:11",JESSICA,HALL
11314,"2005-08-02 16:04:08",JESSICA,HALL
11338,"2005-08-02 17:00:12",JESSICA,HALL
11744,"2005-08-17 08:54:30",JESSICA,HALL
13111,"2005-08-19 11:25:10",JESSICA,HALL
14183,"2005-08-21 03:24:29",JESSICA,HALL
14192,"2005-08-21 03:37:42",JESSICA,HALL
14603,"2005-08-21 17:51:06",JESSICA,HALL
14677,"2005-08-21 20:12:30",JESSICA,HALL
15384,"2005-08-22 22:34:44",JESSICA,HALL
15722,"2005-08-23 11:16:29",JESSICA,HALL
787,"2005-05-29 16:03:03",SHIRLEY,ALLEN
1310,"2005-06-15 10:11:42",SHIRLEY,ALLEN
1480,"2005-06-15 21:17:17",SHIRLEY,ALLEN
1699,"2005-06-16 13:05:09",SHIRLEY,ALLEN
1960,"2005-06-17 08:59:57",SHIRLEY,ALLEN
2512,"2005-06-18 23:48:47",SHIRLEY,ALLEN
2815,"2005-06-19 20:03:29",SHIRLEY,ALLEN
3038,"2005-06-20 12:28:59",SHIRLEY,ALLEN
3420,"2005-06-21 17:22:36",SHIRLEY,ALLEN
4038,"2005-07-07 02:52:53",SHIRLEY,ALLEN
4510,"2005-07-08 02:34:51",SHIRLEY,ALLEN
5552,"2005-07-10 03:01:19",SHIRLEY,ALLEN
5736,"2005-07-10 11:45:48",SHIRLEY,ALLEN
6115,"2005-07-11 07:36:50",SHIRLEY,ALLEN
6562,"2005-07-12 05:26:26",SHIRLEY,ALLEN
6658,"2005-07-12 11:13:21",SHIRLEY,ALLEN
7927,"2005-07-28 12:13:42",SHIRLEY,ALLEN
9244,"2005-07-30 14:06:53",SHIRLEY,ALLEN
9636,"2005-07-31 05:12:59",SHIRLEY,ALLEN
9673,"2005-07-31 06:34:55",SHIRLEY,ALLEN
9908,"2005-07-31 14:39:52",SHIRLEY,ALLEN
10794,"2005-08-01 21:51:15",SHIRLEY,ALLEN
10852,"2005-08-02 00:00:33",SHIRLEY,ALLEN
11234,"2005-08-02 13:12:17",SHIRLEY,ALLEN
11661,"2005-08-17 05:25:57",SHIRLEY,ALLEN
11740,"2005-08-17 08:48:31",SHIRLEY,ALLEN
12021,"2005-08-17 19:52:43",SHIRLEY,ALLEN
12461,"2005-08-18 11:28:14",SHIRLEY,ALLEN
12531,"2005-08-18 13:57:50",SHIRLEY,ALLEN
13816,"2005-08-20 13:13:56",SHIRLEY,ALLEN
15048,"2005-08-22 10:00:04",SHIRLEY,ALLEN
388,"2005-05-27 10:37:27",CYNTHIA,YOUNG
868,"2005-05-30 04:19:55",CYNTHIA,YOUNG
1240,"2005-06-15 04:58:07",CYNTHIA,YOUNG
1543,"2005-06-16 01:24:08",CYNTHIA,YOUNG
2299,"2005-06-18 08:18:52",CYNTHIA,YOUNG
2604,"2005-06-19 06:30:10",CYNTHIA,YOUNG
3231,"2005-06-21 02:25:00",CYNTHIA,YOUNG
3845,"2005-07-06 16:38:14",CYNTHIA,YOUNG
4704,"2005-07-08 11:45:35",CYNTHIA,YOUNG
4951,"2005-07-08 22:58:21",CYNTHIA,YOUNG
5653,"2005-07-10 07:21:27",CYNTHIA,YOUNG
5817,"2005-07-10 15:49:12",CYNTHIA,YOUNG
6032,"2005-07-11 02:49:01",CYNTHIA,YOUNG
6476,"2005-07-12 01:37:48",CYNTHIA,YOUNG
7580,"2005-07-27 23:07:40",CYNTHIA,YOUNG
8464,"2005-07-29 08:18:20",CYNTHIA,YOUNG
8901,"2005-07-30 01:07:12",CYNTHIA,YOUNG
9544,"2005-07-31 01:44:51",CYNTHIA,YOUNG
9593,"2005-07-31 03:22:30",CYNTHIA,YOUNG
9705,"2005-07-31 07:40:33",CYNTHIA,YOUNG
10116,"2005-07-31 21:14:02",CYNTHIA,YOUNG
10294,"2005-08-01 03:48:12",CYNTHIA,YOUNG
11444,"2005-08-02 20:32:55",CYNTHIA,YOUNG
11856,"2005-08-17 13:44:49",CYNTHIA,YOUNG
12190,"2005-08-18 01:54:44",CYNTHIA,YOUNG
12359,"2005-08-18 07:44:05",CYNTHIA,YOUNG
12708,"2005-08-18 20:59:17",CYNTHIA,YOUNG
12938,"2006-02-14 15:16:03",CYNTHIA,YOUNG
13783,"2005-08-20 12:11:03",CYNTHIA,YOUNG
14540,"2005-08-21 15:34:23",CYNTHIA,YOUNG
15445,"2005-08-23 00:48:29",CYNTHIA,YOUNG
15491,"2005-08-23 02:08:40",CYNTHIA,YOUNG
194,"2005-05-26 06:52:33",ANGELA,HERNANDEZ
2655,"2005-06-19 10:38:42",ANGELA,HERNANDEZ
2673,"2005-06-19 11:42:20",ANGELA,HERNANDEZ
2701,"2005-06-19 13:33:06",ANGELA,HERNANDEZ
2735,"2005-06-19 15:42:07",ANGELA,HERNANDEZ
2801,"2005-06-19 19:18:09",ANGELA,HERNANDEZ
2923,"2005-06-20 04:16:07",ANGELA,HERNANDEZ
3324,"2005-06-21 08:49:16",ANGELA,HERNANDEZ
4262,"2005-07-07 14:24:30",ANGELA,HERNANDEZ
4313,"2005-07-07 17:36:56",ANGELA,HERNANDEZ
4535,"2005-07-08 03:40:46",ANGELA,HERNANDEZ
5442,"2005-07-09 21:55:19",ANGELA,HERNANDEZ
5857,"2005-07-10 17:59:29",ANGELA,HERNANDEZ
7237,"2005-07-27 10:12:36",ANGELA,HERNANDEZ
7451,"2005-07-27 18:18:41",ANGELA,HERNANDEZ
7453,"2005-07-27 18:27:13",ANGELA,HERNANDEZ
8673,"2005-07-29 15:50:14",ANGELA,HERNANDEZ
9392,"2005-07-30 19:50:13",ANGELA,HERNANDEZ
9946,"2005-07-31 15:48:54",ANGELA,HERNANDEZ
10543,"2005-08-01 12:36:09",ANGELA,HERNANDEZ
10899,"2005-08-02 01:30:21",ANGELA,HERNANDEZ
11079,"2005-08-02 07:29:10",ANGELA,HERNANDEZ
11962,"2005-08-17 17:34:38",ANGELA,HERNANDEZ
12488,"2005-08-18 12:48:22",ANGELA,HERNANDEZ
12508,"2005-08-18 13:20:13",ANGELA,HERNANDEZ
12569,"2005-08-18 15:20:46",ANGELA,HERNANDEZ
12615,"2005-08-18 17:16:07",ANGELA,HERNANDEZ
13173,"2005-08-19 13:50:36",ANGELA,HERNANDEZ
13436,"2005-08-19 23:36:25",ANGELA,HERNANDEZ
13777,"2005-08-20 12:03:35",ANGELA,HERNANDEZ
13832,"2005-08-20 14:00:25",ANGELA,HERNANDEZ
14174,"2005-08-21 03:01:45",ANGELA,HERNANDEZ
14703,"2005-08-21 21:01:19",ANGELA,HERNANDEZ
14985,"2005-08-22 07:35:56",ANGELA,HERNANDEZ
14997,"2005-08-22 07:53:00",ANGELA,HERNANDEZ
15577,"2006-02-14 15:16:03",ANGELA,HERNANDEZ
1874,"2005-06-17 02:39:20",MELISSA,KING
1895,"2005-06-17 04:25:12",MELISSA,KING
2154,"2005-06-17 22:59:42",MELISSA,KING
2730,"2005-06-19 15:10:09",MELISSA,KING
3964,"2005-07-06 22:23:02",MELISSA,KING
4471,"2005-07-08 00:21:29",MELISSA,KING
4642,"2005-07-08 09:13:28",MELISSA,KING
5028,"2005-07-09 02:34:45",MELISSA,KING
5108,"2005-07-09 06:44:30",MELISSA,KING
5289,"2005-07-09 15:14:08",MELISSA,KING
5972,"2005-07-11 00:08:54",MELISSA,KING
6249,"2005-07-11 15:02:02",MELISSA,KING
6359,"2005-07-11 21:06:17",MELISSA,KING
7394,"2005-07-27 16:03:08",MELISSA,KING
7769,"2005-07-28 06:45:23",MELISSA,KING
8030,"2005-07-28 16:12:53",MELISSA,KING
8038,"2005-07-28 16:32:55",MELISSA,KING
8083,"2005-07-28 18:09:48",MELISSA,KING
8641,"2005-07-29 14:37:30",MELISSA,KING
9309,"2005-07-30 16:55:53",MELISSA,KING
9551,"2005-07-31 02:04:58",MELISSA,KING
9641,"2005-07-31 05:33:48",MELISSA,KING
9998,"2005-07-31 17:40:35",MELISSA,KING
10235,"2005-08-01 01:57:48",MELISSA,KING
12240,"2005-08-18 03:27:11",MELISSA,KING
12546,"2005-08-18 14:29:37",MELISSA,KING
12758,"2005-08-18 22:58:34",MELISSA,KING
13435,"2005-08-19 23:35:44",MELISSA,KING
13682,"2005-08-20 08:50:39",MELISSA,KING
14339,"2005-08-21 08:37:15",MELISSA,KING
14585,"2005-08-21 17:18:33",MELISSA,KING
15063,"2005-08-22 10:39:51",MELISSA,KING
15544,"2005-08-23 04:17:56",MELISSA,KING
15829,"2005-08-23 15:17:14",MELISSA,KING
1656,"2005-06-16 10:05:40",BRENDA,WRIGHT
1838,"2005-06-16 23:20:16",BRENDA,WRIGHT
2233,"2005-06-18 03:57:36",BRENDA,WRIGHT
2341,"2005-06-18 11:35:30",BRENDA,WRIGHT
2396,"2005-06-18 15:49:48",BRENDA,WRIGHT
2438,"2005-06-18 18:34:21",BRENDA,WRIGHT
2530,"2005-06-19 01:20:00",BRENDA,WRIGHT
2648,"2005-06-19 10:06:20",BRENDA,WRIGHT
3117,"2005-06-20 18:05:15",BRENDA,WRIGHT
3172,"2005-06-20 22:19:25",BRENDA,WRIGHT
3205,"2005-06-21 00:38:47",BRENDA,WRIGHT
3701,"2005-07-06 10:12:45",BRENDA,WRIGHT
3967,"2005-07-06 22:45:10",BRENDA,WRIGHT
4122,"2005-07-07 07:15:35",BRENDA,WRIGHT
4738,"2005-07-08 13:24:58",BRENDA,WRIGHT
6208,"2005-07-11 12:34:56",BRENDA,WRIGHT
6580,"2005-07-12 06:26:10",BRENDA,WRIGHT
7000,"2005-07-27 01:23:24",BRENDA,WRIGHT
7138,"2005-07-27 06:47:13",BRENDA,WRIGHT
7178,"2005-07-27 08:09:25",BRENDA,WRIGHT
7464,"2005-07-27 18:49:42",BRENDA,WRIGHT
8997,"2005-07-30 04:53:56",BRENDA,WRIGHT
12085,"2005-08-17 22:17:09",BRENDA,WRIGHT
12377,"2005-08-18 08:26:05",BRENDA,WRIGHT
15682,"2005-08-23 09:37:34",BRENDA,WRIGHT
15816,"2005-08-23 14:58:06",BRENDA,WRIGHT
483,"2005-05-27 23:00:25",AMY,LOPEZ
803,"2005-05-29 17:52:30",AMY,LOPEZ
1067,"2005-05-31 09:12:13",AMY,LOPEZ
1887,"2005-06-17 03:53:18",AMY,LOPEZ
2160,"2005-06-17 23:39:11",AMY,LOPEZ
2624,"2005-06-19 08:22:09",AMY,LOPEZ
2891,"2005-06-20 02:02:05",AMY,LOPEZ
3500,"2005-07-06 00:11:13",AMY,LOPEZ
4434,"2005-07-07 22:48:34",AMY,LOPEZ
4771,"2005-07-08 15:33:32",AMY,LOPEZ
4899,"2005-07-08 20:37:11",AMY,LOPEZ
5307,"2005-07-09 15:57:15",AMY,LOPEZ
5767,"2005-07-10 13:13:18",AMY,LOPEZ
5954,"2005-07-10 23:22:01",AMY,LOPEZ
6122,"2005-07-11 07:58:07",AMY,LOPEZ
6450,"2005-07-12 00:49:05",AMY,LOPEZ
7084,"2005-07-27 04:34:07",AMY,LOPEZ
7589,"2005-07-27 23:23:36",AMY,LOPEZ
7793,"2005-07-28 07:26:14",AMY,LOPEZ
8390,"2005-07-29 05:52:26",AMY,LOPEZ
8453,"2005-07-29 07:46:29",AMY,LOPEZ
8914,"2005-07-30 01:42:03",AMY,LOPEZ
11135,"2005-08-02 09:22:25",AMY,LOPEZ
11831,"2005-08-17 12:54:47",AMY,LOPEZ
12414,"2005-08-18 09:50:40",AMY,LOPEZ
13736,"2005-08-20 10:31:23",AMY,LOPEZ
13931,"2005-08-20 17:16:10",AMY,LOPEZ
14075,"2005-08-20 23:18:54",AMY,LOPEZ
14570,"2005-08-21 16:32:32",AMY,LOPEZ
165,"2005-05-26 02:28:36",ANNA,HILL
1301,"2005-06-15 09:46:33",ANNA,HILL
3173,"2005-06-20 22:21:10",ANNA,HILL
4095,"2005-07-07 06:01:48",ANNA,HILL
5421,"2005-07-09 20:49:12",ANNA,HILL
5723,"2005-07-10 11:14:48",ANNA,HILL
6280,"2005-07-11 16:36:17",ANNA,HILL
7992,"2005-07-28 14:53:06",ANNA,HILL
9040,"2005-07-30 06:31:45",ANNA,HILL
9085,"2005-07-30 08:17:24",ANNA,HILL
9254,"2005-07-30 14:26:11",ANNA,HILL
10335,"2005-08-01 04:59:30",ANNA,HILL
10870,"2005-08-02 00:27:12",ANNA,HILL
12277,"2006-02-14 15:16:03",ANNA,HILL
13241,"2005-08-19 16:25:00",ANNA,HILL
13858,"2005-08-20 14:50:57",ANNA,HILL
13958,"2005-08-20 18:11:44",ANNA,HILL
14002,"2005-08-20 20:12:19",ANNA,HILL
14623,"2005-08-21 18:29:13",ANNA,HILL
15096,"2005-08-22 11:43:04",ANNA,HILL
15115,"2005-08-22 12:28:01",ANNA,HILL
1900,"2005-06-17 04:29:58",REBECCA,SCOTT
2257,"2005-06-18 05:29:52",REBECCA,SCOTT
3150,"2005-06-20 20:35:28",REBECCA,SCOTT
3508,"2005-07-06 00:24:25",REBECCA,SCOTT
3911,"2005-07-06 20:09:11",REBECCA,SCOTT
5188,"2005-07-09 10:22:31",REBECCA,SCOTT
5643,"2005-07-10 06:49:00",REBECCA,SCOTT
5918,"2005-07-10 21:32:06",REBECCA,SCOTT
7015,"2005-07-27 02:15:01",REBECCA,SCOTT
7124,"2005-07-27 06:09:30",REBECCA,SCOTT
7532,"2005-07-27 21:20:52",REBECCA,SCOTT
9160,"2005-07-30 11:17:33",REBECCA,SCOTT
10523,"2005-08-01 11:52:32",REBECCA,SCOTT
10615,"2005-08-01 14:58:14",REBECCA,SCOTT
11096,"2005-08-02 08:05:19",REBECCA,SCOTT
11505,"2005-08-16 23:18:47",REBECCA,SCOTT
11701,"2005-08-17 07:15:47",REBECCA,SCOTT
12286,"2005-08-18 04:57:59",REBECCA,SCOTT
12599,"2005-08-18 16:42:45",REBECCA,SCOTT
12651,"2005-08-18 18:36:16",REBECCA,SCOTT
13371,"2005-08-19 21:21:47",REBECCA,SCOTT
13949,"2005-08-20 17:55:13",REBECCA,SCOTT
14686,"2005-08-21 20:32:08",REBECCA,SCOTT
14701,"2005-08-21 20:54:32",REBECCA,SCOTT
47,"2005-05-25 06:05:20",VIRGINIA,GREEN
424,"2005-05-27 15:34:01",VIRGINIA,GREEN
1579,"2005-06-16 04:09:08",VIRGINIA,GREEN
1989,"2005-06-17 10:47:24",VIRGINIA,GREEN
2229,"2005-06-18 03:50:18",VIRGINIA,GREEN
2231,"2005-06-18 03:52:14",VIRGINIA,GREEN
2743,"2005-06-19 16:15:56",VIRGINIA,GREEN
3112,"2005-06-20 17:53:30",VIRGINIA,GREEN
3597,"2005-07-06 05:03:59",VIRGINIA,GREEN
4098,"2005-07-07 06:14:51",VIRGINIA,GREEN
4990,"2005-07-09 00:48:49",VIRGINIA,GREEN
5013,"2005-07-09 01:46:45",VIRGINIA,GREEN
5323,"2005-07-09 16:34:07",VIRGINIA,GREEN
5916,"2005-07-10 21:26:31",VIRGINIA,GREEN
5963,"2005-07-10 23:47:08",VIRGINIA,GREEN
6147,"2005-07-11 09:13:08",VIRGINIA,GREEN
6401,"2005-07-11 22:44:34",VIRGINIA,GREEN
6565,"2005-07-12 05:39:50",VIRGINIA,GREEN
6572,"2005-07-12 05:56:38",VIRGINIA,GREEN
7140,"2005-07-27 06:54:12",VIRGINIA,GREEN
8822,"2005-07-29 22:20:21",VIRGINIA,GREEN
8971,"2005-07-30 04:03:58",VIRGINIA,GREEN
9033,"2005-07-30 06:07:42",VIRGINIA,GREEN
9579,"2005-07-31 02:59:20",VIRGINIA,GREEN
11298,"2005-08-02 15:32:32",VIRGINIA,GREEN
11452,"2005-08-02 20:59:52",VIRGINIA,GREEN
11645,"2005-08-17 04:50:56",VIRGINIA,GREEN
12055,"2005-08-17 21:02:19",VIRGINIA,GREEN
13735,"2005-08-20 10:31:01",VIRGINIA,GREEN
14110,"2005-08-21 00:53:09",VIRGINIA,GREEN
14124,"2005-08-21 01:31:51",VIRGINIA,GREEN
14735,"2005-08-21 22:25:09",VIRGINIA,GREEN
349,"2005-05-27 04:53:11",KATHLEEN,ADAMS
716,"2005-05-29 04:35:29",KATHLEEN,ADAMS
2741,"2005-06-19 16:05:41",KATHLEEN,ADAMS
4135,"2005-07-07 08:15:03",KATHLEEN,ADAMS
4560,"2005-07-08 04:58:48",KATHLEEN,ADAMS
4762,"2005-07-08 14:54:42",KATHLEEN,ADAMS
5403,"2005-07-09 20:07:09",KATHLEEN,ADAMS
6030,"2005-07-11 02:37:51",KATHLEEN,ADAMS
7205,"2005-07-27 09:06:13",KATHLEEN,ADAMS
7647,"2005-07-28 01:35:17",KATHLEEN,ADAMS
7919,"2005-07-28 11:59:45",KATHLEEN,ADAMS
8099,"2005-07-28 18:35:12",KATHLEEN,ADAMS
8391,"2005-07-29 05:52:50",KATHLEEN,ADAMS
8952,"2005-07-30 03:20:38",KATHLEEN,ADAMS
9369,"2005-07-30 18:52:19",KATHLEEN,ADAMS
9805,"2005-07-31 11:11:10",KATHLEEN,ADAMS
10525,"2005-08-01 11:53:17",KATHLEEN,ADAMS
10761,"2005-08-01 20:25:35",KATHLEEN,ADAMS
